id,date_time,mc_code,buiding,auto_run,power_on,power_off,meeting,break_field,plan_stop,kpr_percent,yield_field,target_oee,one_day_time_on,available_time,percent_available,percent_performance,percent_oee,factory_utilize,percent_teep,process_group,is_check
37903160,2025-12-09 00:00:00,AHP-404,A/2,0,1317,123,0,0,0,100.0,100.0,85.0,1440,1317,0.0,100.0,0.0,100.0,0.0,BE,False
37902962,2025-12-09 00:00:00,AHP-405,A/2,1218,120,102,0,0,0,100.0,100.0,85.0,1440,1338,84.583336,100.0,84.583336,100.0,84.583336,BE,False
37902948,2025-12-09 00:00:00,AVI-306,A/2,1168,168,104,0,0,0,100.0,100.0,85.0,1440,1336,81.111115,100.0,81.111115,100.0,81.111115,BE,False
37902949,2025-12-09 00:00:00,AVI-308,A,0,1440,0,0,0,0,100.0,100.0,85.0,1440,1440,0.0,100.0,0.0,100.0,0.0,BE,False
37902999,2025-12-09 00:00:00,INT-129,,952,194,294,0,0,0,100.0,100.0,85.0,1440,1146,66.111115,100.0,66.111115,100.0,66.111115,FI,False
37908965,2025-12-09 00:00:00,INT-130,,529,587,324,0,0,0,100.0,100.0,85.0,1440,1116,36.73611,100.0,36.73611,100.0,36.73611,FI,False
37910080,2025-12-09 00:00:00,R1-27-06,B/1,379,30,1031,0,0,0,100.0,100.0,85.0,1440,409,26.319445,100.0,26.319445,100.0,26.319445,ZBLK,False
37908931,2025-12-09 00:00:00,R1-27-08,B/1,466,10,964,0,0,0,100.0,100.0,85.0,1440,476,32.36111,100.0,32.36111,100.0,32.36111,ZBLK,False
37902828,2025-12-09 00:00:00,R1-44-101,,0,0,1440,0,0,0,100.0,100.0,85.0,1440,0,0.0,100.0,0.0,100.0,0.0,BE,False
37902829,2025-12-09 00:00:00,R2-44-26,,0,0,1440,0,0,0,100.0,100.0,85.0,1440,0,0.0,100.0,0.0,100.0,0.0,BE,False
37902849,2025-12-09 00:00:00,R4-27-01,C,1251,35,154,0,0,0,100.0,100.0,85.0,1440,1286,86.875,100.0,86.875,100.0,86.875,ZBLK,False
37902851,2025-12-09 00:00:00,R4-27-11,B/1,636,13,791,0,0,0,100.0,100.0,85.0,1440,649,44.166668,100.0,44.166668,100.0,44.166668,ZBLK,False
37902852,2025-12-09 00:00:00,R4-27-13,B/2,1115,242,83,0,0,0,100.0,100.0,85.0,1440,1357,77.43056,100.0,77.43056,100.0,77.43056,ZBLK,False
37902908,2025-12-09 00:00:00,T1-36-02,,0,0,1440,0,0,0,100.0,100.0,85.0,1440,0,0.0,100.0,0.0,100.0,0.0,ZBAK,False
37902883,2025-12-09 00:00:00.004000,T1-36-02,A/2,1011,424,5,0,0,0,100.0,100.0,85.0,1440,1435,70.208336,100.0,70.208336,100.0,70.208336,ZBAK,True
37902909,2025-12-09 00:00:00,T1-36-03,,0,0,1440,0,0,0,100.0,100.0,85.0,1440,0,0.0,100.0,0.0,100.0,0.0,ZBAK,False
37902884,2025-12-09 00:00:00.004000,T1-36-03,A/2,995,440,5,0,0,0,100.0,100.0,85.0,1440,1435,69.09722,100.0,69.09722,100.0,69.09722,ZBAK,True
37902910,2025-12-09 00:00:00,T1-36-04,,0,0,1440,0,0,0,100.0,100.0,85.0,1440,0,0.0,100.0,0.0,100.0,0.0,ZBAK,False
37902912,2025-12-09 00:00:00,T1-36-05,C,193,23,1224,0,0,0,100.0,100.0,85.0,1440,216,13.402778,100.0,13.402778,100.0,13.402778,ZBAK,False
37902913,2025-12-09 00:00:00,T1-36-07,C,374,875,191,0,0,0,100.0,100.0,85.0,1440,1249,25.972221,100.0,25.972221,100.0,25.972221,ZBAK,False
37902914,2025-12-09 00:00:00,T1-36-08,,0,0,1440,0,0,0,100.0,100.0,85.0,1440,0,0.0,100.0,0.0,100.0,0.0,ZBAK,False
37902915,2025-12-09 00:00:00,T1-36-09,B,536,348,556,0,0,0,100.0,100.0,85.0,1440,884,37.22222,100.0,37.22222,100.0,37.22222,ZBAK,False
37902885,2025-12-09 00:00:00.004000,T1-36-10,A/2,1018,417,5,0,0,0,100.0,100.0,85.0,1440,1435,70.69444,100.0,70.69444,100.0,70.69444,ZBAK,True
37902916,2025-12-09 00:00:00,T1-36-10,,0,0,1440,0,0,0,100.0,100.0,85.0,1440,0,0.0,100.0,0.0,100.0,0.0,ZBAK,False
37902889,2025-12-09 00:00:00.005000,T1-36-11,B,923,514,3,0,0,0,100.0,100.0,85.0,1440,1437,64.09722,100.0,64.09722,100.0,64.09722,ZBAK,True
37902917,2025-12-09 00:00:00,T1-36-11,B,801,430,209,0,0,0,100.0,100.0,85.0,1440,1231,55.625,100.0,55.625,100.0,55.625,ZBAK,False
37902890,2025-12-09 00:00:00.005000,T1-36-12,B,696,741,3,0,0,0,100.0,100.0,85.0,1440,1437,48.333332,100.0,48.333332,100.0,48.333332,ZBAK,True
37902918,2025-12-09 00:00:00,T1-36-12,B,616,622,202,0,0,0,100.0,100.0,85.0,1440,1238,42.77778,100.0,42.77778,100.0,42.77778,ZBAK,False
37902919,2025-12-09 00:00:00,T1-36-13,B,1535,966,-1061,0,0,0,100.0,100.0,85.0,1440,2501,106.59722,100.0,106.59722,100.0,106.59722,ZBAK,False
37902834,2025-12-09 00:00:00,T1-36-203,,1437,0,3,0,0,0,100.0,100.0,85.0,1440,1437,99.791664,100.0,99.791664,100.0,99.791664,BE,False
37902835,2025-12-09 00:00:00,T1-36-205,,0,1437,3,0,0,0,100.0,100.0,85.0,1440,1437,0.0,100.0,0.0,100.0,0.0,BE,False
37902836,2025-12-09 00:00:00,T1-36-206,B,441,996,3,0,0,0,100.0,100.0,85.0,1440,1437,30.625,100.0,30.625,100.0,30.625,BE,False
37902837,2025-12-09 00:00:00,T1-36-207,B,724,713,3,0,0,0,100.0,100.0,85.0,1440,1437,50.27778,100.0,50.27778,100.0,50.27778,BE,False
37902838,2025-12-09 00:00:00,T1-36-208,,457,980,3,0,0,0,100.0,100.0,85.0,1440,1437,31.73611,100.0,31.73611,100.0,31.73611,BE,False
37902839,2025-12-09 00:00:00,T1-36-209,,769,668,3,0,0,0,100.0,100.0,85.0,1440,1437,53.40278,100.0,53.40278,100.0,53.40278,BE,False
37902840,2025-12-09 00:00:00,T1-56-103,,82,1355,3,0,0,0,100.0,100.0,85.0,1440,1437,5.6944447,100.0,5.6944447,100.0,5.6944447,BE,False
37902920,2025-12-09 00:00:00,T2-36-03,C,459,0,981,0,0,0,100.0,100.0,85.0,1440,459,31.875,100.0,31.875,100.0,31.875,ZBAK,False
37902850,2025-12-09 00:00:00,T2-40-116,C,0,0,1440,0,0,0,100.0,100.0,85.0,1440,0,0.0,100.0,0.0,100.0,0.0,FI,False
37902855,2025-12-09 00:00:00,T2-40-125,,0,0,1440,0,0,0,100.0,100.0,85.0,1440,0,0.0,100.0,0.0,100.0,0.0,FI,False
37902857,2025-12-09 00:00:00,T2-40-138,,0,0,1440,0,0,0,100.0,100.0,85.0,1440,0,0.0,100.0,0.0,100.0,0.0,FI,False
37902813,2025-12-09 00:00:00.003000,T2-56-12,B,502,935,3,0,0,0,100.0,100.0,85.0,1440,1437,34.86111,100.0,34.86111,100.0,34.86111,FI,True
37902814,2025-12-09 00:00:00.003000,T2-56-16,B,683,753,4,0,0,0,100.0,100.0,85.0,1440,1436,47.430557,100.0,47.430557,100.0,47.430557,FI,True
37902815,2025-12-09 00:00:00.003000,T2-56-17,B,972,464,4,0,0,0,100.0,100.0,85.0,1440,1436,67.5,100.0,67.5,100.0,67.5,FI,True
37902841,2025-12-09 00:00:00,T2-56-33,,313,1124,3,0,0,0,100.0,100.0,85.0,1440,1437,21.73611,100.0,21.73611,100.0,21.73611,BE,False
37902842,2025-12-09 00:00:00,T2-56-34,,715,722,3,0,0,0,100.0,100.0,85.0,1440,1437,49.65278,100.0,49.65278,100.0,49.65278,BE,False
37902843,2025-12-09 00:00:00,T2-56-35,,934,503,3,0,0,0,100.0,100.0,85.0,1440,1437,64.861115,100.0,64.861115,100.0,64.861115,BE,False
37902844,2025-12-09 00:00:00,T2-56-36,,909,528,3,0,0,0,100.0,100.0,85.0,1440,1437,63.125,100.0,63.125,100.0,63.125,BE,False
37902845,2025-12-09 00:00:00,T2-56-39,B,695,742,3,0,0,0,100.0,100.0,85.0,1440,1437,48.26389,100.0,48.26389,100.0,48.26389,BE,False
37902846,2025-12-09 00:00:00,T2-56-40,,627,810,3,0,0,0,100.0,100.0,85.0,1440,1437,43.541668,100.0,43.541668,100.0,43.541668,BE,False
37902847,2025-12-09 00:00:00,T2-56-44,B,940,497,3,0,0,0,100.0,100.0,85.0,1440,1437,65.27778,100.0,65.27778,100.0,65.27778,BE,False
37902898,2025-12-09 00:00:00,TE99-17100077,B,1438,0,2,0,0,0,100.0,100.0,85.0,1440,1438,99.861115,100.0,99.861115,100.0,99.861115,FI,False
37902832,2025-12-09 00:00:00,TE99-17100200,,0,1408,32,0,0,0,100.0,100.0,85.0,1440,1408,0.0,100.0,0.0,100.0,0.0,BE,False
37902978,2025-12-09 00:00:00,TE99-18100064,,1083,315,42,0,0,0,100.0,100.0,85.0,1440,1398,75.208336,100.0,75.208336,100.0,75.208336,BE,False
37902899,2025-12-09 00:00:00,TE99-19100811,B,0,0,1440,0,0,0,100.0,100.0,85.0,1440,0,0.0,100.0,0.0,100.0,0.0,FI,False
37905517,2025-12-09 00:00:00.035000,X2-03-16,B,645,782,13,0,0,0,100.0,100.0,85.0,1440,1427,44.791668,100.0,44.791668,100.0,44.791668,BE,True
37905354,2025-12-09 00:00:00,X2-03-16,,0,0,1440,0,0,0,100.0,100.0,85.0,1440,0,0.0,100.0,0.0,100.0,0.0,BE,False
37902853,2025-12-09 00:00:00,X2-27-31,A/2,1204,9,227,0,0,0,100.0,100.0,85.0,1440,1213,83.611115,100.0,83.611115,100.0,83.611115,ZBLK,False
37902854,2025-12-09 00:00:00,X2-27-36,A/2,568,6,866,0,0,0,100.0,100.0,85.0,1440,574,39.444443,100.0,39.444443,100.0,39.444443,ZBLK,False
37902856,2025-12-09 00:00:00,X2-27-38,A/2,1182,21,237,0,0,0,100.0,100.0,85.0,1440,1203,82.083336,100.0,82.083336,100.0,82.083336,ZBLK,False
37902947,2025-12-09 00:00:00,X2-35-04,A/2,944,492,4,0,0,0,100.0,100.0,85.0,1440,1436,65.55556,100.0,65.55556,100.0,65.55556,ZPRN,False
37902860,2025-12-09 00:00:00,X2-40-108,,0,0,1440,0,0,0,100.0,100.0,85.0,1440,0,0.0,100.0,0.0,100.0,0.0,FI,False
37902950,2025-12-09 00:00:00,X2-50-10,B/2,1129,208,103,0,0,0,100.0,100.0,85.0,1440,1337,78.40278,100.0,78.40278,100.0,78.40278,BE,False
37902831,2025-12-09 00:00:00,X2-50-15,,880,68,492,0,0,0,100.0,100.0,85.0,1440,948,61.11111,100.0,61.11111,100.0,61.11111,BE,False
37903165,2025-12-09 00:00:00,X2-50-16,B/2,1161,152,127,0,0,0,100.0,100.0,85.0,1440,1313,80.625,100.0,80.625,100.0,80.625,BE,False
37903166,2025-12-09 00:00:00,X2-50-19,B/2,1299,37,104,0,0,0,100.0,100.0,85.0,1440,1336,90.208336,100.0,90.208336,100.0,90.208336,BE,False
37902833,2025-12-09 00:00:00,X2-50-20,B/1,1113,313,14,0,0,0,100.0,100.0,85.0,1440,1426,77.291664,100.0,77.291664,100.0,77.291664,BE,False
37902963,2025-12-09 00:00:00,X2-50-21,B/2,1261,46,133,0,0,0,100.0,100.0,85.0,1440,1307,87.56944,100.0,87.56944,100.0,87.56944,BE,False
37902964,2025-12-09 00:00:00,X2-50-23,B/2,1259,59,122,0,0,0,100.0,100.0,85.0,1440,1318,87.43056,100.0,87.43056,100.0,87.43056,BE,False
37902848,2025-12-09 00:00:00,X2-56-101,,504,931,5,0,0,0,100.0,100.0,85.0,1440,1435,35.0,100.0,35.0,100.0,35.0,BE,False
37902858,2025-12-09 00:00:00,X-27-08,B/2,1033,299,108,0,0,0,100.0,100.0,85.0,1440,1332,71.736115,100.0,71.736115,100.0,71.736115,ZBLK,False
37902859,2025-12-09 00:00:00,X-27-10,A/1,1417,1,22,0,0,0,100.0,100.0,85.0,1440,1418,98.40278,100.0,98.40278,100.0,98.40278,ZBLK,False
37902862,2025-12-09 00:00:00,X-27-11,A/2,1186,171,83,0,0,0,100.0,100.0,85.0,1440,1357,82.361115,100.0,82.361115,100.0,82.361115,ZBLK,False
37916961,2025-12-09 00:00:00,X-27-12,B/3,77,183,1180,0,0,0,100.0,100.0,85.0,1440,260,5.3472223,100.0,5.3472223,100.0,5.3472223,ZBLK,False
37961673,2025-12-09 00:00:00,X-27-13,,380,3,1057,0,0,0,100.0,100.0,85.0,1440,383,26.38889,100.0,26.38889,100.0,26.38889,ZBLK,False
37902864,2025-12-09 00:00:00,X-27-14,,741,17,682,0,0,0,100.0,100.0,85.0,1440,758,51.458332,100.0,51.458332,100.0,51.458332,ZBLK,False
38004876,2025-12-09 00:00:00,X-27-15,A/2,597,82,761,0,0,0,100.0,100.0,85.0,1440,679,41.458332,100.0,41.458332,100.0,41.458332,ZBLK,False
37907993,2025-12-09 00:00:00,X-27-17,B/1,1209,22,209,0,0,0,100.0,100.0,85.0,1440,1231,83.958336,100.0,83.958336,100.0,83.958336,ZBLK,False
37902866,2025-12-09 00:00:00,X-27-19,B/2,1117,233,90,0,0,0,100.0,100.0,85.0,1440,1350,77.56944,100.0,77.56944,100.0,77.56944,ZBLK,False
37910801,2025-12-09 00:00:00,X-27-21,A/1,797,197,446,0,0,0,100.0,100.0,85.0,1440,994,55.34722,100.0,55.34722,100.0,55.34722,ZBLK,False
37902867,2025-12-09 00:00:00,X-27-22,C,1244,69,127,0,0,0,100.0,100.0,85.0,1440,1313,86.388885,100.0,86.388885,100.0,86.388885,ZBLK,False
37902597,2025-12-09 00:00:00.004000,X-27-28,A/2,1130,307,3,0,0,0,100.0,100.0,85.0,1440,1437,78.47222,100.0,78.47222,100.0,78.47222,ZBLK,True
37902868,2025-12-09 00:00:00,X-27-32,A/2,1149,179,112,0,0,0,100.0,100.0,85.0,1440,1328,79.791664,100.0,79.791664,100.0,79.791664,ZBLK,False
37902869,2025-12-09 00:00:00,X-27-35,B/1,105,1312,23,0,0,0,100.0,100.0,85.0,1440,1417,7.2916665,100.0,7.2916665,100.0,7.2916665,ZBLK,False
37902870,2025-12-09 00:00:00,X-27-44,B/2,1126,210,104,0,0,0,100.0,100.0,85.0,1440,1336,78.19444,100.0,78.19444,100.0,78.19444,ZBLK,False
37902871,2025-12-09 00:00:00,X-27-45,A/2,949,317,174,0,0,0,100.0,100.0,85.0,1440,1266,65.90278,100.0,65.90278,100.0,65.90278,ZBLK,False
37902598,2025-12-09 00:00:00.004000,X-27-47,A/2,625,812,3,0,0,0,100.0,100.0,85.0,1440,1437,43.40278,100.0,43.40278,100.0,43.40278,ZBLK,True
37902599,2025-12-09 00:00:00.004000,X-27-48,A/2,1067,370,3,0,0,0,100.0,100.0,85.0,1440,1437,74.09722,100.0,74.09722,100.0,74.09722,ZBLK,True
37902872,2025-12-09 00:00:00,X-27-49,B/2,1022,321,97,0,0,0,100.0,100.0,85.0,1440,1343,70.97222,100.0,70.97222,100.0,70.97222,ZBLK,False
37902873,2025-12-09 00:00:00,X-27-51,A/2,1217,6,217,0,0,0,100.0,100.0,85.0,1440,1223,84.513885,100.0,84.513885,100.0,84.513885,ZBLK,False
37902874,2025-12-09 00:00:00,X-27-52,A/2,1114,101,225,0,0,0,100.0,100.0,85.0,1440,1215,77.361115,100.0,77.361115,100.0,77.361115,ZBLK,False
37902875,2025-12-09 00:00:00,X-27-55,A/2,1184,22,234,0,0,0,100.0,100.0,85.0,1440,1206,82.22222,100.0,82.22222,100.0,82.22222,ZBLK,False
37903028,2025-12-09 00:00:00,X-34-05,A/2,1032,403,5,0,0,0,100.0,100.0,85.0,1440,1435,71.666664,100.0,71.666664,100.0,71.666664,ZAOI,False
37904086,2025-12-09 00:00:00,X-34-101,B,1189,241,10,0,0,0,100.0,100.0,85.0,1440,1430,82.56944,100.0,82.56944,100.0,82.56944,ZSPI,False
37903004,2025-12-09 00:00:00,X-34-103,A/2,1136,299,5,0,0,0,100.0,100.0,85.0,1440,1435,78.888885,100.0,78.888885,100.0,78.888885,ZSPI,False
37903005,2025-12-09 00:00:00,X-34-106,B,1193,242,5,0,0,0,100.0,100.0,85.0,1440,1435,82.84722,100.0,82.84722,100.0,82.84722,ZSPI,False
37903006,2025-12-09 00:00:00,X-34-107,A/2,1146,289,5,0,0,0,100.0,100.0,85.0,1440,1435,79.583336,100.0,79.583336,100.0,79.583336,ZSPI,False
37903007,2025-12-09 00:00:00,X-34-110,B,0,1435,5,0,0,0,100.0,100.0,85.0,1440,1435,0.0,100.0,0.0,100.0,0.0,ZSPI,False
37903008,2025-12-09 00:00:00,X-34-111,A/2,1150,286,4,0,0,0,100.0,100.0,85.0,1440,1436,79.861115,100.0,79.861115,100.0,79.861115,ZSPI,False
37903009,2025-12-09 00:00:00,X-34-114,C,580,856,4,0,0,0,100.0,100.0,85.0,1440,1436,40.27778,100.0,40.27778,100.0,40.27778,ZSPI,False
37903010,2025-12-09 00:00:00,X-34-115,B,447,989,4,0,0,0,100.0,100.0,85.0,1440,1436,31.041666,100.0,31.041666,100.0,31.041666,ZSPI,False
37903210,2025-12-09 00:00:00,X-34-116,B/2,1117,205,118,0,0,0,100.0,100.0,85.0,1440,1322,77.56944,100.0,77.56944,100.0,77.56944,ZSPI,False
37903011,2025-12-09 00:00:00,X-34-118,C,423,1013,4,0,0,0,100.0,100.0,85.0,1440,1436,29.375,100.0,29.375,100.0,29.375,ZSPI,False
37903012,2025-12-09 00:00:00,X-34-119,B/2,1020,235,185,0,0,0,100.0,100.0,85.0,1440,1255,70.833336,100.0,70.833336,100.0,70.833336,ZSPI,False
37903033,2025-12-09 00:00:00,X-34-12,B,1298,137,5,0,0,0,100.0,100.0,85.0,1440,1435,90.138885,100.0,90.138885,100.0,90.138885,ZAOI,False
37903013,2025-12-09 00:00:00,X-34-120,A/2,0,1436,4,0,0,0,100.0,100.0,85.0,1440,1436,0.0,100.0,0.0,100.0,0.0,ZSPI,False
37903214,2025-12-09 00:00:00,X-34-121,A/2,545,890,5,0,0,0,100.0,100.0,85.0,1440,1435,37.84722,100.0,37.84722,100.0,37.84722,ZSPI,False
37903014,2025-12-09 00:00:00,X-34-122,A/2,1078,358,4,0,0,0,100.0,100.0,85.0,1440,1436,74.861115,100.0,74.861115,100.0,74.861115,ZSPI,False
37903216,2025-12-09 00:00:00,X-34-127,B,1072,363,5,0,0,0,100.0,100.0,85.0,1440,1435,74.44444,100.0,74.44444,100.0,74.44444,ZSPI,False
37903433,2025-12-09 00:00:00,X-34-128,B,1096,340,4,0,0,0,100.0,100.0,85.0,1440,1436,76.111115,100.0,76.111115,100.0,76.111115,ZSPI,False
37903297,2025-12-09 00:00:00.037000,X-34-128,B,1088,348,4,0,0,0,100.0,100.0,85.0,1440,1436,75.55556,100.0,75.55556,100.0,75.55556,ZMOTU6,True
37904346,2025-12-09 00:00:00,X-34-129,A/2,1186,244,10,0,0,0,100.0,100.0,85.0,1440,1430,82.361115,100.0,82.361115,100.0,82.361115,ZSPI,False
37902821,2025-12-09 00:00:01.658000,X-34-130,A/2,977,452,11,0,0,0,100.0,100.0,85.0,1440,1429,67.84722,100.0,67.84722,100.0,67.84722,ZMOTD13,True
37903015,2025-12-09 00:00:00,X-34-131,B,572,210,658,0,0,0,100.0,100.0,85.0,1440,782,39.72222,100.0,39.72222,100.0,39.72222,ZSPI,False
37903016,2025-12-09 00:00:00,X-34-132,A/2,0,1436,4,0,0,0,100.0,100.0,85.0,1440,1436,0.0,100.0,0.0,100.0,0.0,ZSPI,False
37903017,2025-12-09 00:00:00,X-34-133,C,134,1301,5,0,0,0,100.0,100.0,85.0,1440,1435,9.305555,100.0,9.305555,100.0,9.305555,ZSPI,False
37905877,2025-12-09 00:00:00.019000,X-34-134,A/2,0,1421,19,0,0,0,100.0,100.0,85.0,1440,1421,0.0,100.0,0.0,100.0,0.0,ZMOTD17,True
37903018,2025-12-09 00:00:00,X-34-136,A/2,1057,380,3,0,0,0,100.0,100.0,85.0,1440,1437,73.40278,100.0,73.40278,100.0,73.40278,ZSPI,False
37903082,2025-12-09 00:00:00.014000,X-34-137,B,1114,323,3,0,0,0,100.0,100.0,85.0,1440,1437,77.361115,100.0,77.361115,100.0,77.361115,ZMOTU5,True
37903019,2025-12-09 00:00:00,X-34-137,B,1131,305,4,0,0,0,100.0,100.0,85.0,1440,1436,78.541664,100.0,78.541664,100.0,78.541664,ZSPI,False
37903036,2025-12-09 00:00:00,X-34-17,B,618,818,4,0,0,0,100.0,100.0,85.0,1440,1436,42.916668,100.0,42.916668,100.0,42.916668,ZAOI,False
37903038,2025-12-09 00:00:00,X-34-20,A/2,1264,172,4,0,0,0,100.0,100.0,85.0,1440,1436,87.77778,100.0,87.77778,100.0,87.77778,ZAOI,False
37903230,2025-12-09 00:00:00,X-34-205,A/2,329,1105,6,0,0,0,100.0,100.0,85.0,1440,1434,22.847221,100.0,22.847221,100.0,22.847221,ZAOI,False
37903040,2025-12-09 00:00:00,X-34-208,C,146,1289,5,0,0,0,100.0,100.0,85.0,1440,1435,10.138889,100.0,10.138889,100.0,10.138889,ZAOI,False
37903042,2025-12-09 00:00:00,X-34-209,C,593,843,4,0,0,0,100.0,100.0,85.0,1440,1436,41.180557,100.0,41.180557,100.0,41.180557,ZAOI,False
37903237,2025-12-09 00:00:00,X-34-21,A/2,649,785,6,0,0,0,100.0,100.0,85.0,1440,1434,45.069443,100.0,45.069443,100.0,45.069443,ZAOI,False
37904095,2025-12-09 00:00:00,X-34-301,B,1290,140,10,0,0,0,100.0,100.0,85.0,1440,1430,89.583336,100.0,89.583336,100.0,89.583336,ZAOI,False
37903045,2025-12-09 00:00:00,X-34-302,B,571,754,115,0,0,0,100.0,100.0,85.0,1440,1325,39.65278,100.0,39.65278,100.0,39.65278,ZAOI,False
37903239,2025-12-09 00:00:00,X-34-304,B,1157,278,5,0,0,0,100.0,100.0,85.0,1440,1435,80.34722,100.0,80.34722,100.0,80.34722,ZAOI,False
37903047,2025-12-09 00:00:00,X-34-305,A/2,1198,238,4,0,0,0,100.0,100.0,85.0,1440,1436,83.19444,100.0,83.19444,100.0,83.19444,ZAOI,False
37903049,2025-12-09 00:00:00,X-34-306,A/2,1155,281,4,0,0,0,100.0,100.0,85.0,1440,1436,80.208336,100.0,80.208336,100.0,80.208336,ZAOI,False
37903051,2025-12-09 00:00:00,X-34-307,B,0,1435,5,0,0,0,100.0,100.0,85.0,1440,1435,0.0,100.0,0.0,100.0,0.0,ZAOI,False
37903053,2025-12-09 00:00:00,X-34-308,A/2,1107,328,5,0,0,0,100.0,100.0,85.0,1440,1435,76.875,100.0,76.875,100.0,76.875,ZAOI,False
37903055,2025-12-09 00:00:00,X-34-309,A/2,902,535,3,0,0,0,100.0,100.0,85.0,1440,1437,62.63889,100.0,62.63889,100.0,62.63889,ZAOI,False
37903056,2025-12-09 00:00:00,X-34-31,C,713,723,4,0,0,0,100.0,100.0,85.0,1440,1436,49.51389,100.0,49.51389,100.0,49.51389,ZAOI,False
37903084,2025-12-09 00:00:00.015000,X-34-35,B,1258,172,10,0,0,0,100.0,100.0,85.0,1440,1430,87.361115,100.0,87.361115,100.0,87.361115,ZMOTU5,True
37903057,2025-12-09 00:00:00,X-34-35,B,1269,167,4,0,0,0,100.0,100.0,85.0,1440,1436,88.125,100.0,88.125,100.0,88.125,ZAOI,False
37904326,2025-12-09 00:00:00,X-34-46,B,324,49,1067,0,0,0,100.0,100.0,85.0,1440,373,22.5,100.0,22.5,100.0,22.5,ZAOI,False
37903302,2025-12-09 00:00:00.038000,X-34-46,B,1232,204,4,0,0,0,100.0,100.0,85.0,1440,1436,85.55556,100.0,85.55556,100.0,85.55556,ZMOTU6,True
37904327,2025-12-09 00:00:00,X-34-48,A/2,1225,205,10,0,0,0,100.0,100.0,85.0,1440,1430,85.06944,100.0,85.06944,100.0,85.06944,ZAOI,False
37903058,2025-12-09 00:00:00,X-34-52,A/2,0,1437,3,0,0,0,100.0,100.0,85.0,1440,1437,0.0,100.0,0.0,100.0,0.0,ZAOI,False
37902822,2025-12-09 00:00:01.659000,X-34-53,A/2,1270,168,2,0,0,0,100.0,100.0,85.0,1440,1438,88.19444,100.0,88.19444,100.0,88.19444,ZMOTD13,True
37903059,2025-12-09 00:00:00,X-34-54,A/2,0,1436,4,0,0,0,100.0,100.0,85.0,1440,1436,0.0,100.0,0.0,100.0,0.0,ZAOI,False
37905880,2025-12-09 00:00:00.020000,X-34-57,A/2,0,0,1440,0,0,0,100.0,100.0,85.0,1440,0,0.0,100.0,0.0,100.0,0.0,ZMOTD17,True
37902921,2025-12-09 00:00:00,X-35-01,B/2,2,1428,10,0,0,0,100.0,100.0,85.0,1440,1430,0.1388889,100.0,0.1388889,100.0,0.1388889,ZPRN,False
37902922,2025-12-09 00:00:00,X-35-02,,0,0,1440,0,0,0,100.0,100.0,85.0,1440,0,0.0,100.0,0.0,100.0,0.0,ZPRN,False
37902923,2025-12-09 00:00:00,X-35-03,A/2,108,1327,5,0,0,0,100.0,100.0,85.0,1440,1435,7.5,100.0,7.5,100.0,7.5,ZPRN,False
37902924,2025-12-09 00:00:00,X-35-06,B/2,1147,288,5,0,0,0,100.0,100.0,85.0,1440,1435,79.65278,100.0,79.65278,100.0,79.65278,ZPRN,False
37902925,2025-12-09 00:00:00,X-35-07,A/2,9,1428,3,0,0,0,100.0,100.0,85.0,1440,1437,0.625,100.0,0.625,100.0,0.625,ZPRN,False
37902926,2025-12-09 00:00:00,X-35-10,,0,0,1440,0,0,0,100.0,100.0,85.0,1440,0,0.0,100.0,0.0,100.0,0.0,ZPRN,False
37902927,2025-12-09 00:00:00,X-35-11,A/2,1,1435,4,0,0,0,100.0,100.0,85.0,1440,1436,0.06944445,100.0,0.06944445,100.0,0.06944445,ZPRN,False
37902928,2025-12-09 00:00:00,X-35-12,B/2,355,970,115,0,0,0,100.0,100.0,85.0,1440,1325,24.652779,100.0,24.652779,100.0,24.652779,ZPRN,False
37902929,2025-12-09 00:00:00,X-35-14,C,7,1430,3,0,0,0,100.0,100.0,85.0,1440,1437,0.4861111,100.0,0.4861111,100.0,0.4861111,ZPRN,False
37902930,2025-12-09 00:00:00,X-35-15,B/2,416,1021,3,0,0,0,100.0,100.0,85.0,1440,1437,28.88889,100.0,28.88889,100.0,28.88889,ZPRN,False
37902931,2025-12-09 00:00:00,X-35-16,B2,13,1313,114,0,0,0,100.0,100.0,85.0,1440,1326,0.9027778,100.0,0.9027778,100.0,0.9027778,ZPRN,False
37902932,2025-12-09 00:00:00,X-35-18,C,361,1074,5,0,0,0,100.0,100.0,85.0,1440,1435,25.069445,100.0,25.069445,100.0,25.069445,ZPRN,False
37902933,2025-12-09 00:00:00,X-35-19,B/2,527,192,721,0,0,0,100.0,100.0,85.0,1440,719,36.59722,100.0,36.59722,100.0,36.59722,ZPRN,False
37902934,2025-12-09 00:00:00,X-35-20,B2,0,1325,115,0,0,0,100.0,100.0,85.0,1440,1325,0.0,100.0,0.0,100.0,0.0,ZPRN,False
37902935,2025-12-09 00:00:00,X-35-21,,0,0,1440,0,0,0,100.0,100.0,85.0,1440,0,0.0,100.0,0.0,100.0,0.0,ZPRN,False
37902936,2025-12-09 00:00:00,X-35-22,A/2,4,1432,4,0,0,0,100.0,100.0,85.0,1440,1436,0.2777778,100.0,0.2777778,100.0,0.2777778,ZPRN,False
37902937,2025-12-09 00:00:00,X-35-25,,0,0,1440,0,0,0,100.0,100.0,85.0,1440,0,0.0,100.0,0.0,100.0,0.0,ZPRN,False
37902938,2025-12-09 00:00:00,X-35-27,B/2,1431,4,5,0,0,0,100.0,100.0,85.0,1440,1435,99.375,100.0,99.375,100.0,99.375,ZPRN,False
37902939,2025-12-09 00:00:00,X-35-28,B2,1025,408,7,0,0,0,100.0,100.0,85.0,1440,1433,71.18056,100.0,71.18056,100.0,71.18056,ZPRN,False
37903298,2025-12-09 00:00:00.037000,X-35-28,B,965,410,66,0,0,0,100.0,100.0,85.0,1440,1374,67.013885,100.0,67.013885,100.0,67.013885,ZMOTU6,True
37902940,2025-12-09 00:00:00,X-35-29,A/2,1000,429,11,0,0,0,100.0,100.0,85.0,1440,1429,69.44444,100.0,69.44444,100.0,69.44444,ZPRN,False
37902823,2025-12-09 00:00:01.659000,X-35-30,A/2,815,614,11,0,0,0,100.0,100.0,85.0,1440,1429,56.59722,100.0,56.59722,100.0,56.59722,ZMOTD13,True
37902941,2025-12-09 00:00:00,X-35-31,A/2,0,1212,228,0,0,0,100.0,100.0,85.0,1440,1212,0.0,100.0,0.0,100.0,0.0,ZPRN,False
37902942,2025-12-09 00:00:00,X-35-32,A/2,0,1436,4,0,0,0,100.0,100.0,85.0,1440,1436,0.0,100.0,0.0,100.0,0.0,ZPRN,False
37902943,2025-12-09 00:00:00,X-35-33,C,0,1435,5,0,0,0,100.0,100.0,85.0,1440,1435,0.0,100.0,0.0,100.0,0.0,ZPRN,False
37905878,2025-12-09 00:00:00.019000,X-35-34,A/2,0,1421,19,0,0,0,100.0,100.0,85.0,1440,1421,0.0,100.0,0.0,100.0,0.0,ZMOTD17,True
37903081,2025-12-09 00:00:00.013000,X-35-36,B,995,0,445,0,0,0,100.0,100.0,85.0,1440,995,69.09722,100.0,69.09722,100.0,69.09722,ZMOTU5,True
37902944,2025-12-09 00:00:00,X-35-36,B2,1002,433,5,0,0,0,100.0,100.0,85.0,1440,1435,69.583336,100.0,69.583336,100.0,69.583336,ZPRN,False
37902945,2025-12-09 00:00:00,X-35-37,A/2,1057,379,4,0,0,0,100.0,100.0,85.0,1440,1436,73.40278,100.0,73.40278,100.0,73.40278,ZPRN,False
37902946,2025-12-09 00:00:00,X-35-39,,0,0,1440,0,0,0,100.0,100.0,85.0,1440,0,0.0,100.0,0.0,100.0,0.0,ZPRN,False
37902819,2025-12-09 00:00:00.037000,X-36-28,B,1436,0,4,0,0,0,100.0,100.0,85.0,1440,1436,99.72222,100.0,99.72222,100.0,99.72222,ZMOTU6,True
37902820,2025-12-09 00:00:00.037000,X-36-37,B,1436,0,4,0,0,0,100.0,100.0,85.0,1440,1436,99.72222,100.0,99.72222,100.0,99.72222,ZMOTU5,True
37902861,2025-12-09 00:00:00,X-40-230,,0,0,1440,0,0,0,100.0,100.0,85.0,1440,0,0.0,100.0,0.0,100.0,0.0,FI,False
37902593,2025-12-09 00:00:00.002000,X-40-231,A/2,0,686,4,0,0,0,100.0,100.0,85.0,1440,1436,52.083332,100.0,52.083332,100.0,52.083332,FI,True
37902594,2025-12-09 00:00:00.002000,X-40-232,A/2,487,949,4,0,0,0,100.0,100.0,85.0,1440,1436,33.819443,100.0,33.819443,100.0,33.819443,FI,True
37902595,2025-12-09 00:00:00.002000,X-40-233,A/2,0,176,4,0,0,0,100.0,100.0,85.0,1440,1436,87.5,100.0,87.5,100.0,87.5,FI,True
37902596,2025-12-09 00:00:00.002000,X-40-235,A/2,595,841,4,0,0,0,100.0,100.0,85.0,1440,1436,41.319443,100.0,41.319443,100.0,41.319443,FI,True
37902863,2025-12-09 00:00:00,X-40-237,,0,0,1440,0,0,0,100.0,100.0,85.0,1440,0,0.0,100.0,0.0,100.0,0.0,FI,False
37902865,2025-12-09 00:00:00,X-40-241,,0,0,1440,0,0,0,100.0,100.0,85.0,1440,0,0.0,100.0,0.0,100.0,0.0,FI,False
37903095,2025-12-09 00:00:00,X-44-104,A/2,1040,302,98,0,0,0,100.0,100.0,85.0,1440,1342,72.22222,100.0,72.22222,100.0,72.22222,FI,False
37902900,2025-12-09 00:00:00,X-44-106,,1055,182,203,0,0,0,100.0,100.0,85.0,1440,1237,73.263885,100.0,73.263885,100.0,73.263885,FI,False
37902830,2025-12-09 00:00:00,X-44-206,,0,0,1440,0,0,0,100.0,100.0,85.0,1440,0,0.0,100.0,0.0,100.0,0.0,BE,False
37903856,2025-12-09 00:00:00,X-44-301,,855,0,585,0,0,0,100.0,100.0,85.0,1440,855,59.375,100.0,59.375,100.0,59.375,BE,False
37903858,2025-12-09 00:00:00,X-44-302,,938,0,502,0,0,0,100.0,100.0,85.0,1440,938,65.138885,100.0,65.138885,100.0,65.138885,BE,False
37903859,2025-12-09 00:00:00,X-44-303,,789,0,651,0,0,0,100.0,100.0,85.0,1440,789,54.791668,100.0,54.791668,100.0,54.791668,BE,False
37911043,2025-12-09 00:00:00,X-44-304,,821,0,619,0,0,0,100.0,100.0,85.0,1440,821,57.01389,100.0,57.01389,100.0,57.01389,BE,False
37903020,2025-12-09 00:00:00,X-57-03,B,1264,171,5,0,0,0,100.0,100.0,85.0,1440,1435,87.77778,100.0,87.77778,100.0,87.77778,ZMOT,False
37903021,2025-12-09 00:00:00,X-57-06,A/2,5,1431,4,0,0,0,100.0,100.0,85.0,1440,1436,0.3472222,100.0,0.3472222,100.0,0.3472222,ZMOT,False
37903022,2025-12-09 00:00:00,X-57-07,A/2,278,1157,5,0,0,0,100.0,100.0,85.0,1440,1435,19.305555,100.0,19.305555,100.0,19.305555,ZMOT,False
37903023,2025-12-09 00:00:00,X-57-09,A/2,395,1040,5,0,0,0,100.0,100.0,85.0,1440,1435,27.430555,100.0,27.430555,100.0,27.430555,ZMOT,False
37903024,2025-12-09 00:00:00,X-57-10,B,826,610,4,0,0,0,100.0,100.0,85.0,1440,1436,57.36111,100.0,57.36111,100.0,57.36111,ZMOT,False
37905879,2025-12-09 00:00:00.019000,X-57-100,A/2,0,0,1440,0,0,0,100.0,100.0,85.0,1440,0,0.0,100.0,0.0,100.0,0.0,ZMOTD17,True
37905881,2025-12-09 00:00:00.020000,X-57-101,A/2,0,0,1440,0,0,0,100.0,100.0,85.0,1440,0,0.0,100.0,0.0,100.0,0.0,ZMOTD17,True
37903025,2025-12-09 00:00:00,X-57-11,C,700,736,4,0,0,0,100.0,100.0,85.0,1440,1436,48.61111,100.0,48.61111,100.0,48.61111,ZMOT,False
37903026,2025-12-09 00:00:00,X-57-12,A/2,1220,215,5,0,0,0,100.0,100.0,85.0,1440,1435,84.72222,100.0,84.72222,100.0,84.72222,ZMOT,False
37903027,2025-12-09 00:00:00,X-57-13,C,628,808,4,0,0,0,100.0,100.0,85.0,1440,1436,43.61111,100.0,43.61111,100.0,43.61111,ZMOT,False
37903029,2025-12-09 00:00:00,X-57-14,C,639,797,4,0,0,0,100.0,100.0,85.0,1440,1436,44.375,100.0,44.375,100.0,44.375,ZMOT,False
37903245,2025-12-09 00:00:00,X-57-15,B/2,1104,218,118,0,0,0,100.0,100.0,85.0,1440,1322,76.666664,100.0,76.666664,100.0,76.666664,ZMOT,False
37903030,2025-12-09 00:00:00,X-57-19,B,1353,82,5,0,0,0,100.0,100.0,85.0,1440,1435,93.958336,100.0,93.958336,100.0,93.958336,ZMOT,False
37904134,2025-12-09 00:00:00,X-57-20,B,0,1430,10,0,0,0,100.0,100.0,85.0,1440,1430,0.0,100.0,0.0,100.0,0.0,ZMOT,False
37904135,2025-12-09 00:00:00,X-57-22,B,1191,239,10,0,0,0,100.0,100.0,85.0,1440,1430,82.708336,100.0,82.708336,100.0,82.708336,ZMOT,False
37903031,2025-12-09 00:00:00,X-57-24,B,770,666,4,0,0,0,100.0,100.0,85.0,1440,1436,53.47222,100.0,53.47222,100.0,53.47222,ZMOT,False
37903083,2025-12-09 00:00:00.014000,X-57-24,B,732,187,521,0,0,0,100.0,100.0,85.0,1440,919,50.833332,100.0,50.833332,100.0,50.833332,ZMOTU5,True
37903032,2025-12-09 00:00:00,X-57-26,B,867,570,3,0,0,0,100.0,100.0,85.0,1440,1437,60.208332,100.0,60.208332,100.0,60.208332,ZMOT,False
37903034,2025-12-09 00:00:00,X-57-27,B,486,839,115,0,0,0,100.0,100.0,85.0,1440,1325,33.75,100.0,33.75,100.0,33.75,ZMOT,False
37903035,2025-12-09 00:00:00,X-57-30,A/2,1196,239,5,0,0,0,100.0,100.0,85.0,1440,1435,83.05556,100.0,83.05556,100.0,83.05556,ZMOT,False
37903037,2025-12-09 00:00:00,X-57-31,C,712,724,4,0,0,0,100.0,100.0,85.0,1440,1436,49.444443,100.0,49.444443,100.0,49.444443,ZMOT,False
37903257,2025-12-09 00:00:00,X-57-33,B/2,1135,187,118,0,0,0,100.0,100.0,85.0,1440,1322,78.81944,100.0,78.81944,100.0,78.81944,ZMOT,False
37903039,2025-12-09 00:00:00,X-57-34,B,595,730,115,0,0,0,100.0,100.0,85.0,1440,1325,41.319443,100.0,41.319443,100.0,41.319443,ZMOT,False
37903041,2025-12-09 00:00:00,X-57-38,B,618,818,4,0,0,0,100.0,100.0,85.0,1440,1436,42.916668,100.0,42.916668,100.0,42.916668,ZMOT,False
37903085,2025-12-09 00:00:00.015000,X-57-38,B,645,0,795,0,0,0,100.0,100.0,85.0,1440,645,44.791668,100.0,44.791668,100.0,44.791668,ZMOTU5,True
37903043,2025-12-09 00:00:00,X-57-42,A/2,825,612,3,0,0,0,100.0,100.0,85.0,1440,1437,57.291668,100.0,57.291668,100.0,57.291668,ZMOT,False
37903301,2025-12-09 00:00:00.037000,X-57-43,B,993,403,44,0,0,0,100.0,100.0,85.0,1440,1396,68.958336,100.0,68.958336,100.0,68.958336,ZMOTU6,True
37903478,2025-12-09 00:00:00,X-57-43,B,1029,364,47,0,0,0,100.0,100.0,85.0,1440,1393,71.458336,100.0,71.458336,100.0,71.458336,ZMOT,False
37903303,2025-12-09 00:00:00.038000,X-57-44,B,1176,258,7,0,0,0,100.0,100.0,85.0,1440,1433,81.666664,100.0,81.666664,100.0,81.666664,ZMOTU6,True
37903479,2025-12-09 00:00:00,X-57-44,B,1179,257,4,0,0,0,100.0,100.0,85.0,1440,1436,81.875,100.0,81.875,100.0,81.875,ZMOT,False
37903044,2025-12-09 00:00:00,X-57-49,A/2,377,1059,4,0,0,0,100.0,100.0,85.0,1440,1436,26.180555,100.0,26.180555,100.0,26.180555,ZMOT,False
37903262,2025-12-09 00:00:00,X-57-51,A/2,736,699,5,0,0,0,100.0,100.0,85.0,1440,1435,51.11111,100.0,51.11111,100.0,51.11111,ZMOT,False
37903263,2025-12-09 00:00:00,X-57-52,A/2,386,1049,5,0,0,0,100.0,100.0,85.0,1440,1435,26.805555,100.0,26.805555,100.0,26.805555,ZMOT,False
37903046,2025-12-09 00:00:00,X-57-55,A/2,732,704,4,0,0,0,100.0,100.0,85.0,1440,1436,50.833332,100.0,50.833332,100.0,50.833332,ZMOT,False
37903048,2025-12-09 00:00:00,X-57-56,A/2,655,781,4,0,0,0,100.0,100.0,85.0,1440,1436,45.48611,100.0,45.48611,100.0,45.48611,ZMOT,False
37904381,2025-12-09 00:00:00,X-57-72,A/2,913,517,10,0,0,0,100.0,100.0,85.0,1440,1430,63.40278,100.0,63.40278,100.0,63.40278,ZMOT,False
37904382,2025-12-09 00:00:00,X-57-73,A/2,810,620,10,0,0,0,100.0,100.0,85.0,1440,1430,56.25,100.0,56.25,100.0,56.25,ZMOT,False
37903266,2025-12-09 00:00:00,X-57-74,B,787,648,5,0,0,0,100.0,100.0,85.0,1440,1435,54.65278,100.0,54.65278,100.0,54.65278,ZMOT,False
37903267,2025-12-09 00:00:00,X-57-75,B,627,808,5,0,0,0,100.0,100.0,85.0,1440,1435,43.541668,100.0,43.541668,100.0,43.541668,ZMOT,False
37903050,2025-12-09 00:00:00,X-57-84,A/2,577,860,3,0,0,0,100.0,100.0,85.0,1440,1437,40.069443,100.0,40.069443,100.0,40.069443,ZMOT,False
37903052,2025-12-09 00:00:00,X-57-85,B,0,1436,4,0,0,0,100.0,100.0,85.0,1440,1436,0.0,100.0,0.0,100.0,0.0,ZMOT,False
37902824,2025-12-09 00:00:01.659000,X-57-86,A/2,779,435,226,0,0,0,100.0,100.0,85.0,1440,1214,54.09722,100.0,54.09722,100.0,54.09722,ZMOTD13,True
37902825,2025-12-09 00:00:01.659000,X-57-87,A/2,609,358,473,0,0,0,100.0,100.0,85.0,1440,967,42.291668,100.0,42.291668,100.0,42.291668,ZMOTD13,True
37903054,2025-12-09 00:00:00,X-57-90,A/2,0,1437,3,0,0,0,100.0,100.0,85.0,1440,1437,0.0,100.0,0.0,100.0,0.0,ZMOT,False
37903060,2025-12-09 00:00:00,X-57-91,A/2,0,1437,3,0,0,0,100.0,100.0,85.0,1440,1437,0.0,100.0,0.0,100.0,0.0,ZMOT,False
37903061,2025-12-09 00:00:00,X-57-93,A/2,0,1436,4,0,0,0,100.0,100.0,85.0,1440,1436,0.0,100.0,0.0,100.0,0.0,ZMOT,False
37903062,2025-12-09 00:00:00,X-57-94,A/2,0,1436,4,0,0,0,100.0,100.0,85.0,1440,1436,0.0,100.0,0.0,100.0,0.0,ZMOT,False
37903063,2025-12-09 00:00:00,X-57-95,C,633,803,4,0,0,0,100.0,100.0,85.0,1440,1436,43.958332,100.0,43.958332,100.0,43.958332,ZMOT,False
37903064,2025-12-09 00:00:00,X-57-96,C,632,804,4,0,0,0,100.0,100.0,85.0,1440,1436,43.88889,100.0,43.88889,100.0,43.88889,ZMOT,False
37903065,2025-12-09 00:00:00,X-57-97,B/2,750,477,213,0,0,0,100.0,100.0,85.0,1440,1227,52.083332,100.0,52.083332,100.0,52.083332,ZMOT,False
37902901,2025-12-09 00:00:00,X-64-102,A/2,0,1435,5,0,0,0,100.0,100.0,85.0,1440,1435,0.0,100.0,0.0,100.0,0.0,ZALO,False
37902902,2025-12-09 00:00:00,X-64-103,A/2,1100,330,10,0,0,0,100.0,100.0,85.0,1440,1430,76.388885,100.0,76.388885,100.0,76.388885,ZALO,False
37902903,2025-12-09 00:00:00,X-64-105,A/2,799,636,5,0,0,0,100.0,100.0,85.0,1440,1435,55.48611,100.0,55.48611,100.0,55.48611,ZALO,False
37902904,2025-12-09 00:00:00,X-64-106,,0,0,1440,0,0,0,100.0,100.0,85.0,1440,0,0.0,100.0,0.0,100.0,0.0,ZALO,False
37902905,2025-12-09 00:00:00,X-64-110,,0,0,1440,0,0,0,100.0,100.0,85.0,1440,0,0.0,100.0,0.0,100.0,0.0,ZALO,False
37902906,2025-12-09 00:00:00,X-64-117,A/2,2,1434,4,0,0,0,100.0,100.0,85.0,1440,1436,0.1388889,100.0,0.1388889,100.0,0.1388889,ZALO,False
37902907,2025-12-09 00:00:00,X-64-118,,0,0,1440,0,0,0,100.0,100.0,85.0,1440,0,0.0,100.0,0.0,100.0,0.0,ZALO,False
